{
  "images" : [
    {
      "filename" : "Teaching-Your-Children-the-Importance-of-Wildlife-1.jpg",
      "idiom" : "universal",
      "scale" : "1x"
    },
    {
      "filename" : "Teaching-Your-Children-the-Importance-of-Wildlife-1 1.jpg",
      "idiom" : "universal",
      "scale" : "2x"
    },
    {
      "filename" : "Teaching-Your-Children-the-Importance-of-Wildlife-1 2.jpg",
      "idiom" : "universal",
      "scale" : "3x"
    }
  ],
  "info" : {
    "author" : "xcode",
    "version" : 1
  }
}
