{
  "images" : [
    {
      "filename" : "carbon-footprint-greenhous-gas-emissions-illustraion-1.jpg",
      "idiom" : "universal",
      "scale" : "1x"
    },
    {
      "filename" : "carbon-footprint-greenhous-gas-emissions-illustraion-1 1.jpg",
      "idiom" : "universal",
      "scale" : "2x"
    },
    {
      "filename" : "carbon-footprint-greenhous-gas-emissions-illustraion-1 2.jpg",
      "idiom" : "universal",
      "scale" : "3x"
    }
  ],
  "info" : {
    "author" : "xcode",
    "version" : 1
  }
}
