{
  "images" : [
    {
      "filename" : "GettyImages-168893549-36ec7116dc1c4ede9b0e97bba79bc8ba-scaled.jpg",
      "idiom" : "universal",
      "scale" : "1x"
    },
    {
      "filename" : "GettyImages-168893549-36ec7116dc1c4ede9b0e97bba79bc8ba-scaled 1.jpg",
      "idiom" : "universal",
      "scale" : "2x"
    },
    {
      "filename" : "GettyImages-168893549-36ec7116dc1c4ede9b0e97bba79bc8ba-scaled 2.jpg",
      "idiom" : "universal",
      "scale" : "3x"
    }
  ],
  "info" : {
    "author" : "xcode",
    "version" : 1
  }
}
