{
  "images" : [
    {
      "filename" : "Elephants-in-Buffalo-Springs-National-Reserve-Northern-Kenya.-Robbie-Labanowski_Save-the-Elephants-f25282d.jpg",
      "idiom" : "universal",
      "scale" : "1x"
    },
    {
      "filename" : "Elephants-in-Buffalo-Springs-National-Reserve-Northern-Kenya.-Robbie-Labanowski_Save-the-Elephants-f25282d 1.jpg",
      "idiom" : "universal",
      "scale" : "2x"
    },
    {
      "filename" : "Elephants-in-Buffalo-Springs-National-Reserve-Northern-Kenya.-Robbie-Labanowski_Save-the-Elephants-f25282d 2.jpg",
      "idiom" : "universal",
      "scale" : "3x"
    }
  ],
  "info" : {
    "author" : "xcode",
    "version" : 1
  }
}
